Server_ID,Hostname,IP_Address,OS_Type,Server_Location,CPU_Utilization (%),Memory_Usage (%),Disk_IO (%),Network_Traffic_In (MB/s),Network_Traffic_Out (MB/s),Uptime (Hours),Downtime (Hours),Admin_Name,Admin_Email,Admin_Phone,Log_Timestamp
536c9e75-40a1-4a74-8ca6-c6abaec13999,srv-web02,100.33.3.46,Windows Server 2022,"Berlin, Germany",28.1,88.6,28.36,31.13,52.54,18.49,5.51,John Duarte,laurasolomon@example.net,+77 1834560143,11-03-2025 16:45
26bae71d-c025-4082-9484-ef7aa9e04836,srv-web02,249.168.171.15,Ubuntu 20.04,"London, UK",49.72,84.35,73.89,123.34,97.1,19.71,4.29,Abigail Montgomery,sherripatterson@example.com,+10 3791349757,25-01-2025 10:59
454de38a-5961-490f-9d46-d20663a36baf,srv-backup02,248.247.52.48,Red Hat Enterprise Linux,"New York, USA",44.72,57.64,14.94,69.6,112.81,18.64,5.36,David Jones,veronicanavarro@example.net,+38 9503876034,29-01-2025 08:31
8b8a3f40-1b67-4fe6-a65e-93fd07f317f7,srv-web02,87.221.187.138,Red Hat Enterprise Linux,"New York, USA",37.69,97.97,71.46,62.97,148.51,18.14,5.86,Dominic Richards,frankdawson@example.org,+93 2330701744,01-03-2025 16:49
375cb3db-89d3-4705-af4a-8f829cce1928,srv-app02,168.8.91.217,Windows Server 2022,"Tokyo, Japan",63.97,67.31,96.46,45.33,131.5,22.78,1.22,Paul Edwards,hgibson@example.com,+29 9075330226,21-02-2025 11:02
9a90becd-5be4-4d03-b1fa-1ffa70cb11f5,srv-app02,142.229.13.87,Ubuntu 20.04,"Tokyo, Japan",20.29,24.65,66.56,60.59,133.97,18.68,5.32,Thomas Pearson,monicamartinez@example.org,+41 5610383316,13-02-2025 19:44
c2ba6509-caa4-4720-8633-cb7565e9947c,srv-app03,143.148.212.7,Ubuntu 20.04,"Sydney, Australia",36.45,59.28,18.46,47.7,86.57,22.38,1.62,Richard Goodman,sarah65@example.com,+77 4103444382,09-03-2025 14:58
8e52d19d-1e84-466e-8e25-d24ae27434ab,srv-web01,147.18.138.45,Ubuntu 20.04,"Tokyo, Japan",12.62,86.98,18.54,102.76,11.03,20.3,3.7,Jessica Day,sheri42@example.org,+75 8001044687,06-03-2025 10:06
95de17b4-60ec-4ea0-a79c-7faecdb85275,srv-app03,157.114.125.79,CentOS 8,"Sydney, Australia",75.49,73.48,93.03,29.02,22,20.49,3.51,Stephanie Petersen,kevin33@example.org,+71 9513511325,24-02-2025 14:29
4aa1fa83-c575-4d81-a1c7-f1ed5395a0f6,srv-analytics01,186.179.201.0,CentOS 8,"Tokyo, Japan",88.3,24.14,25.99,67.86,120.95,20.19,3.81,Aaron Marquez MD,darrenklein@example.net,+98 6695197615,20-02-2025 18:41
28fe2731-7083-4dd0-97aa-e535ecd8842f,srv-api02,69.186.115.145,CentOS 8,"Berlin, Germany",12.99,58.45,27.97,72.81,122.67,19.96,4.04,Samantha Allen,vpearson@example.com,+23 9648157051,18-02-2025 03:53
c2596d33-afee-434c-ac03-a277135eabdd,srv-api03,17.220.229.32,Windows Server 2019,"London, UK",41.71,59.25,36.54,22.89,86.55,22.89,1.11,Allen Collins,perezrachel@example.com,+49 8574002766,14-02-2025 14:24
c137b910-3675-4dbd-9353-3ba607e98cb0,srv-backup01,167.128.117.110,Windows Server 2019,"Sydney, Australia",55.22,68.63,10.85,28.02,11.73,20.64,3.36,James Stewart,stephenbarnes@example.net,+49 6568170313,15-01-2025 21:24
b2607e67-2bd4-4a90-a786-212775f24f61,srv-analytics02,113.228.208.191,Ubuntu 20.04,"New York, USA",86.03,27.24,90.44,112.72,90.19,21.86,2.14,Jesse Ho,ppaul@example.net,+97 3930225486,25-01-2025 21:29
08ac5795-9603-4848-9fc0-f20307b026aa,srv-cache03,245.43.251.158,Ubuntu 20.04,"London, UK",17.66,79.55,13.41,67.99,71.75,18.49,5.51,Thomas Schmitt,cherylgrant@example.net,+20 7885197158,07-02-2025 18:43
352c6356-d76e-47d3-bb86-ed94aa70f82f,srv-web02,165.157.187.205,Windows Server 2019,"Sydney, Australia",29.51,76.82,30.39,83.17,21.74,21.79,2.21,Shawn Ryan,debbiejoseph@example.org,+55 8595222374,10-02-2025 15:01
9013d12f-a90e-492c-87c5-5a5811887394,srv-analytics02,238.156.219.190,CentOS 8,"London, UK",43.74,73.84,20.42,25.4,15.76,19.42,4.58,Roger Trevino,newtondennis@example.org,+40 5683398377,24-01-2025 06:22
513d5310-3933-456b-a835-221f2df6c1fe,srv-analytics03,174.92.78.179,CentOS 8,"Sydney, Australia",51.65,30.42,16.69,68.42,23.09,18.21,5.79,Kaitlyn Guerrero,mcleanmorgan@example.org,+98 8032962324,17-01-2025 22:38
e9ad7958-83df-47d8-b536-94bf53df2d92,srv-cache02,171.225.182.186,CentOS 8,"New York, USA",23.91,91.49,31.45,121.68,84.93,19.66,4.34,Alex Schroeder Jr.,sarah90@example.org,+3 7862927805,06-02-2025 00:58
3145367a-2b21-41fc-8eef-1d92088de8a4,srv-api02,7.68.137.211,Windows Server 2019,"London, UK",88.99,42.49,91.11,132.52,35.24,20.57,3.43,Charles Wilson,charleslopez@example.com,+15 8197559267,07-02-2025 05:21
4d55bfc7-c27e-42d9-b271-c49770de3164,srv-cache03,221.87.42.79,Windows Server 2022,"New York, USA",38.03,68.66,45.14,31.47,92.3,21.36,2.64,Cody Mckay,rrose@example.org,+24 4137888755,08-03-2025 10:54
a23db8da-5330-4089-9a05-4ac1390954b7,srv-database03,190.136.220.17,Red Hat Enterprise Linux,"London, UK",34.04,91.66,33.55,43.35,91.64,19.1,4.9,Patricia Williams,vincentsanders@example.org,+63 4627781520,14-02-2025 11:12
08da88a1-335a-49bb-8722-34fad4ea1661,srv-analytics01,104.56.30.244,Ubuntu 20.04,"Tokyo, Japan",82.13,39.08,84.13,119.23,118.19,22.66,1.34,Paul Aguirre,davidcook@example.com,+80 2511119977,19-01-2025 18:58
d7db56e6-7774-469d-8f7c-c3abe49869bc,srv-database02,215.62.67.114,Ubuntu 20.04,"Tokyo, Japan",95.86,84.95,88.47,10.45,143.23,18.61,5.39,Amy Morgan,nrobinson@example.net,+55 5916528944,06-02-2025 21:54
fdc77db4-cab0-484a-90ed-988aa059d0f8,srv-backup03,175.146.253.116,Windows Server 2019,"New York, USA",65.54,49.61,18.96,17.75,117.58,18.96,5.04,Roger Anderson,kaitlynjohnson@example.com,+68 2759058496,20-02-2025 21:09
fc139a27-9e59-479b-b13e-61a6e991e656,srv-app02,59.145.4.37,CentOS 8,"New York, USA",49.86,66.94,58.26,16.53,98.81,22.59,1.41,Richard Robertson,boltonjoseph@example.net,+67 2079131866,08-03-2025 05:21
a17ab97c-13bc-4b4e-8118-1a36a0b4deb0,srv-analytics01,166.231.56.48,Windows Server 2019,"Berlin, Germany",75.58,46.4,11.81,28.35,73.01,22.84,1.16,Tyler Le,haileyjohnson@example.org,+13 1001533562,15-02-2025 10:13
ed8a0d8e-4ac0-402e-b843-7d75c42290e5,srv-app01,100.186.12.194,Windows Server 2022,"London, UK",71.17,87.33,89.55,79.05,114.25,18.58,5.42,Brianna Perez,nbaker@example.com,+78 6872707451,23-02-2025 03:36
ae7df33b-0c12-4151-87af-c74f30afd233,srv-backup01,178.129.133.164,Windows Server 2022,"Tokyo, Japan",68.1,39.47,88.96,75.64,141.35,18.09,5.91,Amanda Holt,monica71@example.com,+52 1586285578,02-02-2025 06:32
8b98821a-6cef-445c-b007-4ca8eb18563f,srv-cache01,75.47.247.60,Red Hat Enterprise Linux,"London, UK",49.97,41.02,97.5,62.77,78.02,19.24,4.76,Elizabeth Rodriguez,xsanchez@example.net,+51 1345908678,26-02-2025 03:27
af0bb3fb-f46f-4eda-b608-67393ddbc67f,srv-analytics02,62.40.22.240,Windows Server 2022,"London, UK",44.67,32.45,21.09,140.55,74.98,21.89,2.11,Michael Hunt,fhebert@example.com,+48 5541573797,20-02-2025 13:39
f9aa7de8-8fec-4850-bb5c-590d1fd3b179,srv-database01,231.42.125.79,Windows Server 2022,"New York, USA",95.33,81.06,42.16,92.46,63.8,21.2,2.8,Michael Richardson,wlane@example.net,+23 4141525074,19-02-2025 19:53
32f0a94c-9d01-4d3f-9769-4d1ff9acf7d6,srv-analytics03,205.165.193.139,Red Hat Enterprise Linux,"Sydney, Australia",66.37,41,81.15,134.57,112.61,18.95,5.05,Mrs. Katherine Garcia DDS,ryanmorris@example.com,+60 7546817368,09-03-2025 22:41
a8fcbe97-16a7-4408-a2ad-dfbd2c531107,srv-database01,74.208.166.17,CentOS 8,"Berlin, Germany",45.87,72.67,61.55,142.08,147.92,18.01,5.99,Joel Juarez,msmith@example.net,+47 9459586297,01-03-2025 16:46
a70f79c3-66c6-4c43-820b-7b0f220277ae,srv-app01,63.100.211.13,CentOS 8,"Sydney, Australia",93.07,59.55,56.15,11.73,103.41,18.46,5.54,Bryan Wilson,alexander84@example.net,+11 2534408127,27-02-2025 10:15
231ff169-049b-469e-afe2-106af40e371e,srv-backup02,253.244.223.108,CentOS 8,"Tokyo, Japan",76.93,56.28,92.79,15.82,27.08,19.95,4.05,Jennifer Vargas,gutierrezfred@example.net,+22 5978457640,22-01-2025 17:21
1ce1db28-d790-4d9b-ab97-a4fca8dc8779,srv-api02,230.60.31.228,Ubuntu 20.04,"Sydney, Australia",35.8,28.95,68.74,108.85,60.86,22.99,1.01,Charles Chan,dgoodwin@example.net,+64 5874016415,26-02-2025 07:51
9a6dae07-ccb4-4e9c-8613-5b43b4975e86,srv-analytics03,180.90.166.114,Windows Server 2019,"New York, USA",63.94,48.38,27.88,84.25,125.11,20.18,3.82,Joann Chambers,agriffith@example.org,+11 3689054909,27-01-2025 08:44
a7c76fdd-51bd-4184-95e0-816870acd370,srv-web01,109.248.41.1,CentOS 8,"Sydney, Australia",90,62.69,13.56,120.22,99.88,21.38,2.62,Samuel Stewart,sarah90@example.org,+63 3560535298,08-02-2025 06:50
dbe127fa-83b3-46ce-823d-0a2cdeab02c2,srv-analytics02,57.235.148.25,Ubuntu 20.04,"London, UK",88.46,72.3,26.69,126.83,43.41,21.98,2.02,Ashley Tran,lori13@example.org,+79 5663621597,15-02-2025 01:14
3761fb3d-cbbe-4c10-b712-6069e3b8f788,srv-backup03,116.137.83.47,Ubuntu 20.04,"Berlin, Germany",93.09,55.27,20.66,63.86,88.11,21.47,2.53,Russell Miller,friedmanjoseph@example.net,+51 4377065302,20-01-2025 09:04
e337f92b-bf7d-49b9-98a4-c11b2399116b,srv-analytics03,65.141.215.12,Windows Server 2019,"London, UK",63.86,82.91,23.01,16.73,128.57,19.79,4.21,Sabrina Brady,orozcoshannon@example.org,+90 7502661806,04-02-2025 09:33
b6168a70-520f-49bd-9fe1-fd673f7d8b14,srv-database01,216.231.162.20,CentOS 8,"Berlin, Germany",94.59,81.31,83.31,111.1,84.15,22.21,1.79,Kayla Frank,dramirez@example.net,+63 8943626116,01-03-2025 07:24
60158035-6a06-47a7-ab95-636f9364b04c,srv-app03,126.7.202.51,Ubuntu 20.04,"New York, USA",96.18,75.8,98.98,87.12,132.49,18.81,5.19,Amanda Fox,thompsonnicole@example.com,+90 7326319943,02-02-2025 00:40
cbc4a707-4692-4a12-87e9-d79ca6c71bfa,srv-web01,208.230.109.72,Windows Server 2022,"Berlin, Germany",57.89,93.66,64.08,78.82,149.25,21.51,2.49,Justin Rodriguez,kellystephens@example.net,+86 4878226956,16-02-2025 18:59
5bd5e8f7-1339-4060-961c-894129724f45,srv-database03,140.223.95.57,Windows Server 2022,"Tokyo, Japan",24.65,55.57,30.66,50.22,140.05,22.36,1.64,William Wright,ybrown@example.net,+87 5565451556,23-02-2025 19:02
270cd957-a331-4dc2-bbcf-85b91e292784,srv-cache03,179.136.11.100,Ubuntu 20.04,"Berlin, Germany",62.76,76.1,52.29,34.2,142.94,18.66,5.34,Michael Young,lopezdebra@example.net,+97 7997597703,27-02-2025 09:36
9406ae9e-d19d-4be8-9b8a-8792b27db871,srv-cache02,67.166.245.98,Windows Server 2019,"Sydney, Australia",83.13,28.77,25.79,82.17,55.36,19.38,4.62,Glenn Mathews,josephbradshaw@example.org,+55 4889846198,28-01-2025 06:40
f0dc3a9a-113e-4f4a-a272-3338a300ab00,srv-app03,66.38.231.192,Ubuntu 20.04,"New York, USA",48.93,68.43,82.21,125.12,73.54,21.94,2.06,Kyle Macdonald,sean16@example.org,+41 1243034778,02-02-2025 17:31
436cc765-63b1-4e27-bdf4-2bb787eb5205,srv-cache03,92.27.228.66,Red Hat Enterprise Linux,"Berlin, Germany",14.02,39.26,74.72,125.74,35.52,18.64,5.36,Elizabeth Roth,hollyjohnson@example.com,+68 9469664330,19-02-2025 13:06
1ca0a88a-f163-421b-8fe2-7ef72d14a685,srv-analytics03,36.159.200.218,Windows Server 2019,"Tokyo, Japan",10.57,20.79,84.73,131.93,50.77,20.73,3.27,Andrew Wood,ydavid@example.org,+89 4742104143,15-03-2025 13:50
67ddb04e-fb22-4796-be49-c6ffc6972747,srv-api03,195.53.47.12,Red Hat Enterprise Linux,"New York, USA",48.86,89.53,78.01,76.42,142.39,22.3,1.7,Rebecca Ruiz,jonathan96@example.org,+37 7400353696,05-02-2025 12:02
c4c9ea03-7b9d-483d-b434-6b8d850010ca,srv-backup02,72.216.166.181,CentOS 8,"New York, USA",44.08,46.08,69.97,149.17,12.15,18.89,5.11,Joshua Smith,kathylowery@example.net,+18 3386019181,25-02-2025 17:20
07b5619c-8ed1-4226-a35c-880b76379cab,srv-web03,151.58.124.196,Windows Server 2022,"Berlin, Germany",63.36,94.26,27.6,145.69,55.57,21.88,2.12,Caleb Chandler,mary30@example.org,+55 6710198466,07-02-2025 07:45
9145e4de-9d1e-4b76-9106-1afa434ceb44,srv-backup02,151.236.118.165,Red Hat Enterprise Linux,"Berlin, Germany",93.02,90.05,56.56,119.24,66.79,19.73,4.27,Kimberly Aguilar,melissa11@example.com,+36 7705945160,22-02-2025 14:09
91ba7e56-1188-420c-baff-9d769851cbf2,srv-backup03,111.147.105.179,Windows Server 2022,"Tokyo, Japan",23.68,63.99,16.51,37,30.61,18.97,5.03,Angela Johnson,marshallmegan@example.com,+96 8843029797,02-03-2025 13:38
31d83824-b926-4a54-a3f0-291257a5df22,srv-database02,86.123.201.127,Ubuntu 20.04,"Berlin, Germany",58.51,37.95,34.31,118.87,100.34,20.11,3.89,Andrew Scott,pattersonfrank@example.com,+61 8084185475,31-01-2025 02:22
0a33a4cd-1a22-418e-bef8-321c1ec3cbf8,srv-analytics02,154.150.77.224,Windows Server 2019,"Sydney, Australia",23.54,40.76,71.74,89.57,106.29,21.11,2.89,Zoe Henson,kristi10@example.com,+45 9095981082,15-03-2025 00:18
fb3aacfd-d7a3-41cf-8c01-37f7ce192e8c,srv-database03,22.22.109.161,Red Hat Enterprise Linux,"New York, USA",96.67,31.74,34.75,68.77,66.79,18.39,5.61,Emily Macias,ale@example.org,+85 3315244009,01-02-2025 16:20
5aa93017-a552-4598-af92-acd123695c21,srv-analytics01,155.215.170.68,Red Hat Enterprise Linux,"New York, USA",74.84,99.52,68.8,31.48,63.76,19.55,4.45,Ricardo Snyder,gkaiser@example.com,+92 7052772500,28-02-2025 14:22
a9e31f3d-5b23-48d4-a8b7-63345d586ec2,srv-analytics02,238.185.180.251,CentOS 8,"Sydney, Australia",94.8,49.35,90.67,121.64,140.54,18.85,5.15,Lori Hernandez,daniel14@example.org,+71 1648525684,12-02-2025 05:13
622aeffb-fb0f-463c-938d-f06ced55569c,srv-app01,92.106.176.94,CentOS 8,"Tokyo, Japan",56.54,34.44,15.78,89.63,54.75,18.31,5.69,Robin Reed,averynatalie@example.net,+34 5047210376,06-02-2025 07:19
a8c95376-9a68-43a6-94ce-62c6ffb5b80b,srv-backup01,195.177.28.241,Ubuntu 20.04,"Tokyo, Japan",77.56,47.28,88.26,115.38,20.83,21.19,2.81,Tracy Gomez,krobertson@example.com,+81 9983730632,20-01-2025 16:08
cfeb2838-9ddc-404f-b14a-41540918f46c,srv-backup01,123.185.251.51,Ubuntu 20.04,"Sydney, Australia",68.66,32.15,53.1,54.31,56.62,21.49,2.51,Melissa Riley,michaelowens@example.org,+6 1444326993,28-01-2025 02:48
624b7e0f-4ce0-4af7-bb0c-8f5291436113,srv-backup02,127.5.101.238,Red Hat Enterprise Linux,"London, UK",24.66,39.35,94.94,76.99,34.85,21.53,2.47,Derrick Drake,rojasjeremy@example.net,+70 5086480136,17-01-2025 12:46
ff07794c-ee78-45fc-87e2-a3f76748b8fb,srv-analytics03,189.241.127.15,Windows Server 2022,"Berlin, Germany",26.33,72.94,10.6,136.44,84.35,18.41,5.59,Ms. Valerie Miller,rwhitehead@example.net,+6 2553766724,05-02-2025 04:17
eb85d2ce-5510-423a-bd37-662716ad1164,srv-app03,173.163.202.28,CentOS 8,"Sydney, Australia",22.24,69.49,76.32,15.27,34.74,21.29,2.71,Christopher Ward,cookcynthia@example.net,+47 7775303864,24-02-2025 00:29
a82735b5-8ec6-4d02-8ac7-5b3482b26590,srv-database01,9.182.78.253,Red Hat Enterprise Linux,"Tokyo, Japan",22.89,36.94,94.97,73.83,81.94,21.69,2.31,Ms. Nicole Robertson,xjohnson@example.com,+88 9931267057,04-03-2025 12:12
182ce3e2-96d9-4639-a1cf-09c5352bd37e,srv-app02,64.155.77.158,CentOS 8,"Sydney, Australia",13.05,24.77,99.3,113.22,74.57,18.84,5.16,Stanley Brown,harristeresa@example.com,+30 2156935645,15-01-2025 12:17
44dde1fc-01e2-4a79-bf34-1b29a726f24c,srv-database03,205.176.172.31,CentOS 8,"Berlin, Germany",39.97,61.23,77.75,11.8,38.27,18.11,5.89,Dr. Linda Jackson,lunamichael@example.net,+23 8081850276,04-02-2025 02:35
76bdc0ca-1e2d-46b3-91c1-0f3ee9ecf01a,srv-cache02,85.35.115.9,Red Hat Enterprise Linux,"Tokyo, Japan",61.75,62.49,60.97,40.97,58.66,21.6,2.4,Mark Williams,lambertsusan@example.com,+39 6915833222,27-02-2025 16:33
77d54327-8068-45e5-bbc4-43b36b27ed8c,srv-app02,193.179.225.227,CentOS 8,"Tokyo, Japan",96.42,81.38,29.87,23.22,133.17,20.09,3.91,Brian Charles,fkline@example.org,+98 6060833909,20-02-2025 19:21
5c8486a8-da04-409a-a64e-1b46277aa8e2,srv-analytics01,212.121.141.250,Ubuntu 20.04,"Berlin, Germany",36.89,24.27,70.85,31.27,63.03,20.18,3.82,Brenda Bennett,waltersjustin@example.org,+83 2843163135,09-02-2025 17:55
87c386ab-07f0-4a23-81a1-c82bb4a9b3d2,srv-api01,28.99.244.34,Ubuntu 20.04,"Tokyo, Japan",32.76,66.97,96.76,82.13,36.79,22.47,1.53,Lisa Michael,amberfoster@example.org,+23 4504285571,08-02-2025 09:28
338720f2-d47e-4b0c-83fd-db1c9359c470,srv-api01,227.203.69.226,Windows Server 2019,"Tokyo, Japan",45.88,20.98,32.56,18.54,99.82,21.43,2.57,Brandy Hernandez,evansdavid@example.com,+1 6443134120,22-01-2025 07:19
0859608c-7f1b-4332-ba35-d50885c3c029,srv-web02,248.95.57.47,Windows Server 2022,"New York, USA",86,65.67,87.6,149.61,72.33,18.51,5.49,Derek Herrera,sydneyyoung@example.org,+22 6017441252,12-02-2025 13:44
961a2a06-4fd0-485d-bd56-d4e52ab5039c,srv-backup01,225.85.19.61,Windows Server 2022,"New York, USA",17.7,97.15,63.26,118.09,130.34,20.72,3.28,Brian Bowman,qcollins@example.net,+69 3421872332,09-03-2025 03:09
3c110a81-cfdc-40f5-82a5-906466d0444d,srv-cache01,86.97.230.254,Red Hat Enterprise Linux,"Sydney, Australia",13.71,95.85,32.54,101.94,68.65,20.82,3.18,Brandon Foster,xford@example.org,+63 5044373765,10-02-2025 13:35
755ed160-757c-4213-8011-226502319394,srv-app02,252.2.234.125,Ubuntu 20.04,"Berlin, Germany",92.78,22.54,73.27,47.53,95.97,22.84,1.16,Matthew Horton,timothymoore@example.net,+51 6487616577,15-02-2025 22:33
0435b059-4f09-4a27-abfc-2a2bd4548aa7,srv-backup01,162.62.116.214,Windows Server 2019,"New York, USA",87.98,34.46,66.78,103.02,84.46,21.05,2.95,Amy Villarreal,erinkirby@example.net,+56 6401559639,27-01-2025 20:30
2cfe603c-3683-452b-881c-8b51f5c7c3ce,srv-analytics02,16.25.226.220,Windows Server 2022,"New York, USA",33.17,47.99,64.99,15.71,55.36,22.1,1.9,Amber Taylor,taylormark@example.com,+34 3684014638,07-03-2025 03:21
1263f1f7-42dd-447a-9ad2-fe60654f0154,srv-database01,249.168.53.75,Red Hat Enterprise Linux,"Berlin, Germany",19.73,29.52,59.17,85.06,59.97,21.67,2.33,Jose Nguyen,nicholskelly@example.com,+89 5742278442,22-01-2025 08:32
8fd4cba6-6936-4832-b6b8-f6acfcfbfe10,srv-web02,190.138.252.36,Windows Server 2019,"Tokyo, Japan",78.37,39.3,48.78,22.05,30.04,22.33,1.67,Mario Wong,tracyrodriguez@example.net,+46 3828896174,02-02-2025 05:33
b5f28214-c0f2-4212-941a-a6df4c1206b8,srv-analytics02,44.71.126.206,Ubuntu 20.04,"London, UK",77.29,25.84,30.93,21.1,126.29,22.65,1.35,Kelly Rodriguez,reneewright@example.com,+55 7768201270,12-03-2025 04:58
4a94c403-8c15-4397-a2a5-6a22212327d1,srv-web02,244.41.66.61,Ubuntu 20.04,"Tokyo, Japan",49.61,84.08,88.26,81.06,129.43,19.86,4.14,Yvonne Melton,zryan@example.com,+39 2311400023,03-03-2025 09:43
ed4746e9-fd4e-49b8-b3ae-067cab9c1c43,srv-database02,119.14.232.64,CentOS 8,"New York, USA",59.34,54.8,89.17,57.42,59.71,21.8,2.2,Kim Rocha,pharrison@example.org,+40 2531622965,18-02-2025 02:38
9edda05f-c6b8-42d2-9634-841e091fc10c,srv-web02,69.19.253.91,CentOS 8,"London, UK",85.91,38.89,23.08,132.46,142.55,18.4,5.6,Thomas Velazquez,williammiller@example.com,+47 9863142622,19-02-2025 14:26
6d6a6dfc-705d-48ae-9a5e-0a018a7ad426,srv-analytics02,50.158.134.39,Ubuntu 20.04,"Sydney, Australia",46.33,87.78,71.92,33.92,60.74,21.48,2.52,Jennifer Kline,mallory92@example.org,+71 2741989147,11-03-2025 01:29
6f0d8cc5-501a-42e4-99c7-70d534ca7339,srv-web01,50.76.47.172,Red Hat Enterprise Linux,"Tokyo, Japan",47.58,97.44,81.81,19.25,40.33,20.71,3.29,Crystal Vaughn,phillipwillis@example.com,+17 5405473278,20-01-2025 12:46
169f8460-9372-40b2-9521-fcd86e4e2829,srv-app02,69.248.240.140,Windows Server 2022,"London, UK",76.28,20.79,38.79,56.86,66.09,20.97,3.03,Ashley Harris,michael62@example.net,+83 3110525422,26-02-2025 17:18
159e48e3-d466-4655-8c6b-823e0de48faf,srv-cache02,144.12.139.1,Windows Server 2019,"London, UK",43.05,95.76,79.01,49.06,29.37,21.38,2.62,Jennifer Williams,adrianeverett@example.net,+2 5124536062,15-03-2025 04:43
7d3441c3-21d8-4f44-b534-9e956be62105,srv-analytics02,93.152.92.107,CentOS 8,"New York, USA",80.3,73.79,61.95,111.66,55.55,22.37,1.63,Debbie Davis,gregory85@example.org,+36 8696514363,18-02-2025 02:40
e8379f03-584c-4924-86e8-2940f2047f48,srv-backup02,223.207.86.169,Red Hat Enterprise Linux,"London, UK",67.72,84.56,54.7,101.99,133.62,22.26,1.74,Hunter Fitzgerald,mary64@example.com,+10 6851608001,22-01-2025 21:44
b1b867d4-9b1f-492f-88f2-2c9877372180,srv-analytics03,102.32.187.81,Windows Server 2022,"London, UK",85.44,26.89,29.98,109.9,81.57,19.97,4.03,Brenda Johnson,michael38@example.com,+25 8245417895,16-01-2025 10:17
0a3eb18a-58dc-4b3d-9f77-6aa79acd4a02,srv-app01,20.13.34.102,Windows Server 2019,"Tokyo, Japan",64.93,79.64,69.06,49.02,119.89,22.03,1.97,Margaret Santiago,jennifer94@example.org,+99 7456862404,26-02-2025 02:32
17ea735b-ff4f-4c7f-8a6d-f596a5510d4e,srv-analytics03,102.42.41.164,Windows Server 2019,"Berlin, Germany",56.18,85.81,82.82,124.14,42.77,22.69,1.31,Christopher Smith,sjohnson@example.com,+1 6180613839,20-01-2025 12:18
ae5992b7-cd49-49d1-b9bc-65c262ba9e6e,srv-analytics02,73.51.55.101,Windows Server 2019,"Sydney, Australia",58.43,32,72,49.52,26.86,19.13,4.87,Tina Munoz,jasoncox@example.net,+92 7996330725,06-02-2025 04:21
e7646a1f-fa98-4870-a79c-23b4b9d19b2e,srv-backup01,241.88.130.137,Windows Server 2022,"Sydney, Australia",16.25,34.69,25.98,18.77,80.33,21.78,2.22,Lisa Rios,georgejordan@example.org,+58 9720751795,18-01-2025 02:12
c2f91b34-1c12-4c22-889e-86d61b82830c,srv-database03,176.81.114.129,Windows Server 2022,"Tokyo, Japan",83.95,67.36,49.46,121.49,18.85,19.53,4.47,Christopher Gibson,rodriguezjustin@example.net,+10 4678112581,22-02-2025 17:31
4a995069-1c99-4794-a57f-90ff3bf06fb3,srv-analytics01,215.114.153.44,Windows Server 2022,"New York, USA",99.3,86.17,59.61,26.22,20.29,19.32,4.68,Tara Wheeler,pierceapril@example.com,+27 2321473348,18-01-2025 15:01
55f503b7-c9e2-4860-b240-3432660f8505,srv-cache03,166.145.191.111,Red Hat Enterprise Linux,"Berlin, Germany",76.34,73.56,73.25,116.46,17.11,18.78,5.22,Kimberly Prince,thodges@example.net,+80 5001663491,28-02-2025 08:46
93e19987-5698-4538-9998-2971b939ae86,srv-database02,240.25.122.124,Ubuntu 20.04,"London, UK",90.82,82.21,11.21,122.45,118.61,19.78,4.22,Stephen Love,frankbernard@example.com,+94 9683259379,01-03-2025 13:08
a200f491-6b7b-4a3e-a3ef-7e48b1945c68,srv-database03,172.50.165.6,Windows Server 2022,"Tokyo, Japan",26.11,51.44,62.7,56.01,98.41,18.24,5.76,Beth Griffin MD,david55@example.org,+73 5760529263,15-02-2025 07:19
7031883e-8780-4e08-9a08-9eccf33ea6dd,srv-web03,27.190.47.246,Ubuntu 20.04,"New York, USA",37.93,71.95,35.87,118.84,115.86,18.42,5.58,Victor Moody,graveshector@example.com,+82 9449125024,06-03-2025 15:29
af2df79f-8fce-4aa1-add7-1cba89e1052b,srv-database01,2.9.133.11,Windows Server 2019,"Sydney, Australia",45.4,24.63,47.48,14.23,58.12,18.74,5.26,Shannon Walker,gordonbrenda@example.org,+86 3969616449,02-03-2025 06:58
45f85e50-93d5-4980-8810-e893654bcde8,srv-api03,69.63.210.200,Windows Server 2022,"Sydney, Australia",42.23,59.59,59.81,57.67,79.82,21.71,2.29,Michael Jackson,nicholas59@example.com,+6 8507864804,19-02-2025 13:46
2bcf9791-4750-4c36-9cd5-88335c385de4,srv-app01,3.221.109.124,CentOS 8,"London, UK",94.01,60.56,31.86,10.33,89.24,20.29,3.71,Jennifer Torres,markmiller@example.net,+52 2750647442,24-02-2025 09:53
6a035308-8cef-404d-9a17-eb294ecf8b43,srv-web02,64.160.22.75,CentOS 8,"New York, USA",19.83,92.92,86.36,116.42,100.22,18.68,5.32,Paula Vasquez,padillaeric@example.org,+96 1671661805,12-03-2025 05:23
7b188562-51f6-4052-8ee8-795966836b9a,srv-api03,247.148.73.178,CentOS 8,"London, UK",24.95,24.68,37.17,74.78,134.1,18.34,5.66,Melissa Perez,anthony55@example.net,+33 7841248765,17-01-2025 21:34
31b4037d-4400-483b-ac3b-62a4e0fdb3de,srv-app01,239.120.184.238,CentOS 8,"Tokyo, Japan",24.9,38.19,62.9,74.42,96.16,20.15,3.85,Donald Garcia,natasha52@example.com,+17 8862465750,09-03-2025 07:57
208f4b78-88d8-4528-8dcc-2524d6d710fc,srv-web02,31.175.20.171,Windows Server 2019,"London, UK",44.98,85.3,99.64,98.6,54.44,21.7,2.3,Ashley Spencer,umartinez@example.com,+32 9821562238,21-01-2025 13:38
e9a42e27-09a6-4d02-b135-6b8f33fd6f90,srv-cache01,18.249.78.152,Ubuntu 20.04,"New York, USA",66.75,87.9,94.88,105.59,50.61,20.02,3.98,Traci Davis,kwall@example.com,+78 6266863225,28-02-2025 02:17
f2d8c00d-81e8-4000-9cf0-ea6f7e36c1ed,srv-api03,145.247.234.91,Windows Server 2022,"Tokyo, Japan",35.69,89.34,81.83,63.08,19.06,19.6,4.4,Jamie Matthews,gvaldez@example.net,+88 1090421242,19-01-2025 13:00
cd63c41b-1e76-41ab-abdf-4d8532288d1f,srv-web02,64.193.115.98,Ubuntu 20.04,"London, UK",43,34.47,73.66,24.16,142.89,21.95,2.05,Madison Russell,jason69@example.org,+55 6647873144,20-02-2025 11:31
d7daf6c4-22a9-4a4a-bee8-215ba349412c,srv-analytics01,18.207.61.10,Red Hat Enterprise Linux,"New York, USA",88.29,24.14,26.13,54.32,121.68,18.57,5.43,Christopher Young,lopezmatthew@example.net,+21 6261509295,02-02-2025 08:45
4cb1a51a-f2f7-4723-9e2c-cf2f8b95b327,srv-web03,89.127.123.121,Windows Server 2022,"Berlin, Germany",82.2,51.31,96.44,112.63,61.86,21.41,2.59,Selena Jackson,racheltucker@example.com,+90 9562915902,04-02-2025 17:21
f30b02be-e33b-402f-9955-0ab9ec2da98b,srv-app03,191.225.124.52,Windows Server 2019,"New York, USA",34.77,75.52,81.73,113.09,23.24,22.24,1.76,Jason Soto,rosariobrittany@example.com,+66 7872222704,29-01-2025 00:26
f73edcd1-c6ba-42c0-b7ba-b30f32c49818,srv-backup02,188.204.9.40,Ubuntu 20.04,"Berlin, Germany",38.57,39.81,33.87,83.65,39.21,18.19,5.81,Margaret Miles,denisenunez@example.com,+30 5250563092,03-02-2025 08:47
0a0c694c-17be-4566-9c77-8e74ff8c4839,srv-database02,96.150.51.36,Red Hat Enterprise Linux,"Tokyo, Japan",80.58,81.95,49.5,115.76,119.02,19.3,4.7,Allen Vaughn,joelford@example.org,+97 7703139107,09-02-2025 02:26
f4a5f217-7c24-4f08-be11-0c179ef403e9,srv-web03,100.51.226.97,Ubuntu 20.04,"London, UK",82.37,92.71,72.98,22.19,46.86,20.43,3.57,Sabrina Obrien,virginiahamilton@example.net,+50 6459098536,11-03-2025 06:25
263e2221-7f06-4803-9bb2-7c26818829de,srv-analytics02,73.152.99.162,Windows Server 2019,"Sydney, Australia",37.09,56.42,27.57,57.95,125.23,22.82,1.18,Carlos Alvarado,barbara21@example.com,+77 9484530639,26-01-2025 16:21
e541f2f7-515f-4a8f-b177-c5e90ee9414c,srv-cache03,184.122.62.91,Red Hat Enterprise Linux,"London, UK",69.55,93.26,35.63,62.77,93.11,22.74,1.26,Tracy Castillo,alanjohnson@example.net,+83 7232237170,26-02-2025 13:48
3ce3e210-f12d-48a6-9c32-d122b4511d43,srv-app01,224.11.230.227,Windows Server 2019,"Tokyo, Japan",33.38,71.83,68.57,56.66,96.37,19.2,4.8,Anthony David,kramos@example.org,+13 9105607132,20-02-2025 16:14
1ac75ca2-8b59-4b90-897a-64c7913b5098,srv-api03,89.190.130.114,Ubuntu 20.04,"Berlin, Germany",44.27,20.03,93.94,121.16,11.86,19.27,4.73,Tracy Thompson,davisdorothy@example.net,+37 8741474811,22-01-2025 07:42
36ff6320-81da-4d9c-bf87-ee5231163167,srv-cache01,33.237.252.173,Ubuntu 20.04,"Sydney, Australia",97.8,31.31,54.23,23.25,74.9,22.92,1.08,Crystal Welch,rberger@example.net,+48 3223017394,08-02-2025 18:20
b578baae-6caf-47e6-a1f4-a0eebe17c77f,srv-database03,211.168.28.127,Ubuntu 20.04,"Tokyo, Japan",57.14,38.93,98.83,55.02,123.39,20.71,3.29,Jeffery Brown,bcamacho@example.org,+49 6122625325,24-01-2025 02:14
7bcc89d3-e4f3-462d-ace8-3695b4024ddf,srv-cache01,204.195.202.193,CentOS 8,"London, UK",75.33,54.51,86.82,72.03,46.78,22.24,1.76,Michael Hensley,jessesnow@example.org,+1 5119039758,18-01-2025 17:53
899916e5-5c12-422b-8914-e915967aac7c,srv-analytics01,132.83.143.160,Red Hat Enterprise Linux,"Berlin, Germany",32.05,22.12,58.53,73.16,130.51,22.57,1.43,Mark Lawrence,todd55@example.org,+57 9530762070,01-02-2025 19:43
7eb08d16-d484-4177-8fcd-9b864bf418af,srv-backup01,171.98.140.7,Red Hat Enterprise Linux,"Tokyo, Japan",59.33,67.67,36.28,116.77,17.87,21.75,2.25,Ryan Lopez,myersmichael@example.net,+75 1131980803,10-03-2025 16:39
4b550e8d-7bf4-44ea-aec0-215ca2e2fe6e,srv-app01,40.247.3.187,Ubuntu 20.04,"Sydney, Australia",50.02,31.38,39.92,126.47,39.53,22.4,1.6,Deborah Washington,amy29@example.net,+65 6115778251,30-01-2025 20:17
72a6d9cf-30df-49d2-a609-ad5c2962d3ab,srv-web02,83.232.119.169,Red Hat Enterprise Linux,"Berlin, Germany",82.85,61.7,62.74,91.85,112.72,22.85,1.15,Alvin Mccarthy,martinnoah@example.net,+62 3807936017,15-01-2025 15:24
8c33ceb9-84c6-4d9e-aef5-4004c8f445e5,srv-cache02,144.232.155.195,Red Hat Enterprise Linux,"London, UK",73.81,73.64,38.26,109.46,103.04,21.92,2.08,Jeffrey Macdonald,munoztracy@example.org,+60 6152558676,13-03-2025 18:50
4932108c-c61e-41f4-95d0-3ad921cdc7e5,srv-backup02,171.222.90.28,CentOS 8,"Tokyo, Japan",34.61,70.19,59.67,73.89,53.14,19.64,4.36,Christine Jones,stanleykathleen@example.net,+6 9179299744,11-03-2025 22:40
a387043c-4797-4027-ac1c-5f8a27d1198f,srv-analytics03,27.171.255.253,Red Hat Enterprise Linux,"Berlin, Germany",12.69,38.06,10.81,24.75,31.05,22.28,1.72,Zachary Jacobson,andreajensen@example.com,+52 9823364877,31-01-2025 17:26
bac624f3-4927-44ec-b8ff-bf1d6a9f85ad,srv-cache01,102.145.38.165,CentOS 8,"Sydney, Australia",14.66,52.16,67.44,21.43,41.45,22.82,1.18,Emily Johnson,ronaldmitchell@example.net,+83 1022528477,11-03-2025 08:46
6c1f53dc-8be7-444e-b670-c4919f77fe7e,srv-app01,144.155.205.63,Red Hat Enterprise Linux,"Berlin, Germany",85.38,89.3,84.4,44.27,115.86,22.36,1.64,Patrick Phillips DVM,bruceshea@example.org,+42 2638423903,05-02-2025 10:37
8add674a-6bfd-4918-9787-fafa654f77dd,srv-analytics03,124.81.251.226,Ubuntu 20.04,"London, UK",31.19,95.29,31.73,102.42,28.99,20.95,3.05,Julie Diaz,maryhardin@example.org,+47 6766124275,28-02-2025 22:01
0564a58b-bc34-4c9c-9cdc-907fc1708c67,srv-cache01,38.158.36.135,CentOS 8,"Berlin, Germany",32.97,86.84,22,121.4,66.61,21.01,2.99,James Cortez,michelle75@example.net,+43 8591685894,04-02-2025 16:59
0daade74-2f6b-4ffa-8968-6a473181add6,srv-database02,230.11.228.112,Red Hat Enterprise Linux,"Tokyo, Japan",74.18,30.41,48.19,30.94,127.02,21.66,2.34,Christopher Ayala,kaitlynthomas@example.com,+26 8315303609,14-02-2025 18:02
dc2517f7-e18e-4fcf-9388-46c529641862,srv-analytics02,223.183.79.105,Ubuntu 20.04,"Berlin, Germany",79.8,34.54,26.08,143.56,146.44,22.9,1.1,Susan Oneill,sydneygibson@example.net,+52 7578878861,03-02-2025 03:59
04799af0-d18c-4d82-925b-cdcc9b69ee0c,srv-analytics03,41.194.62.222,Ubuntu 20.04,"New York, USA",51.42,54.94,32.41,73.8,10.24,19.14,4.86,Jennifer Webb,cory62@example.com,+40 4039220743,16-02-2025 19:33
bda2d2fc-9ade-4c22-8c9d-0563a5a2c7b8,srv-database03,87.242.123.193,Ubuntu 20.04,"Berlin, Germany",52.07,76.32,99.65,98.61,93.83,21.85,2.15,Mr. John Kirk,pstanley@example.net,+9 7874944296,10-03-2025 10:44
e23d12bf-d466-4dad-a9e8-1160501a3774,srv-cache03,113.71.220.160,Ubuntu 20.04,"Tokyo, Japan",99.11,38,45.17,121.76,140.89,22.2,1.8,Matthew Chase,rmccarthy@example.org,+91 6435443055,14-02-2025 17:02
a04ed20d-570f-41b7-b415-bc2db9d920e6,srv-analytics01,90.38.213.22,Red Hat Enterprise Linux,"Sydney, Australia",86.93,21.38,37.57,62.98,66.25,18.76,5.24,Shaun Montoya,mary09@example.com,+65 6579084313,26-01-2025 19:34
6e9038e5-ef70-4e8b-a4dc-70f97cd521a1,srv-cache02,72.229.176.77,Ubuntu 20.04,"Sydney, Australia",79.6,31.69,68.42,33.07,31.03,20.08,3.92,Christopher Powell,dylan25@example.net,+96 8407092056,05-03-2025 01:31
60d53c28-062e-4801-8f61-900dd245c7e0,srv-analytics02,72.151.21.248,Red Hat Enterprise Linux,"Sydney, Australia",70.5,24.34,47.01,22.01,138.32,18.06,5.94,Kristine Johnson,haileygonzales@example.com,+42 7831274549,24-02-2025 01:09
85762351-9c83-4fe4-ba39-259ea4a82ba0,srv-backup01,251.132.143.243,Windows Server 2019,"New York, USA",94.53,99.19,56.77,94.02,45.79,18.51,5.49,Justin Mccarthy,joseanderson@example.com,+21 9491605044,13-03-2025 05:38
09d5a8a9-bd36-47a5-b851-07e5a865ce34,srv-api03,127.112.176.167,Windows Server 2022,"Berlin, Germany",87.52,41.03,70.97,84.5,75.52,19.6,4.4,Troy Baker,rcole@example.org,+59 4956817884,26-02-2025 08:05
cced9fc9-6fce-4e78-a5f1-3b154254cffd,srv-web01,179.108.176.67,Windows Server 2022,"Sydney, Australia",27.79,76.65,72.04,51.93,70.4,21.43,2.57,Crystal Lee,htorres@example.net,+67 8015317868,20-02-2025 12:26
e850ad2e-89fe-4437-a9e4-a083a1aff8ac,srv-analytics01,119.147.159.1,Windows Server 2019,"Berlin, Germany",74.75,95.98,62.51,119.84,77.28,21.61,2.39,Michael Cox,cynthiawright@example.net,+78 7265191455,13-03-2025 15:27
5cc7672a-5ebf-45b0-955a-52a34cf2bbbd,srv-api03,84.231.162.113,CentOS 8,"Berlin, Germany",14.66,50.73,87.11,14.3,102.04,18.22,5.78,Nathaniel Carrillo,paula08@example.org,+81 9930214090,29-01-2025 08:04
d40d5d4e-e228-4915-b716-550ebfdf8fe0,srv-cache02,68.89.132.134,Red Hat Enterprise Linux,"London, UK",29.67,21.27,57.16,103.75,126.44,21.16,2.84,Jennifer Wright,karenjohnson@example.com,+14 6330845051,14-02-2025 20:47
855a4030-4f71-4e78-a3df-2b0d4cc2f866,srv-backup03,115.193.23.99,CentOS 8,"London, UK",49.54,50.49,62.94,98.98,30.79,21.76,2.24,Monica Ramirez,jameshancock@example.net,+52 2820407123,27-01-2025 10:07
63d69c6d-8b9a-493d-acce-689781b567ef,srv-api02,184.0.40.210,Ubuntu 20.04,"New York, USA",39.25,96.08,25.89,82.07,101.65,19.5,4.5,Sharon Walsh,xbridges@example.org,+15 2633918522,04-03-2025 17:22
0959611f-38cb-420e-8e54-87de77b37e17,srv-analytics02,102.210.157.154,Red Hat Enterprise Linux,"Berlin, Germany",34.84,54.65,35.88,37.23,124.98,22.4,1.6,Matthew Boyle,jamie47@example.org,+48 3594165892,02-02-2025 05:36
10004a69-09d9-42c3-aeac-4f85cde41e39,srv-analytics03,228.39.87.50,Red Hat Enterprise Linux,"Sydney, Australia",12.21,63.89,12.34,48.5,132.37,20.38,3.62,Brandon Jimenez,lindsayjones@example.com,+45 4158463095,20-01-2025 09:48
d34faa52-807a-4e2d-ac97-b259d1aa8896,srv-analytics03,218.27.57.52,Red Hat Enterprise Linux,"Tokyo, Japan",75.8,40.61,17.16,71.09,101.87,20.91,3.09,Sheryl Jones,jamesjohnson@example.org,+26 7896388562,17-01-2025 11:05
c717b341-11e6-4ab7-b0f6-75fe8f9e51d4,srv-app02,31.68.171.17,Windows Server 2022,"London, UK",81.79,94.95,60.7,45.57,47.14,22.95,1.05,Steven Myers,brandon36@example.org,+94 5724457048,05-03-2025 22:49
4748daa4-86cf-4c28-a21b-9866c86edced,srv-backup01,68.58.154.70,Red Hat Enterprise Linux,"London, UK",68.02,94.66,20.72,129.38,18.47,22.77,1.23,Henry Robinson,licrystal@example.com,+69 1757106249,31-01-2025 18:29
ad737c08-386f-4394-9ad2-76c244861bb8,srv-web02,70.127.225.237,Red Hat Enterprise Linux,"London, UK",46.58,55.13,50.7,18.46,10.27,19.55,4.45,Lisa Howard,krauserobert@example.org,+65 3779414849,27-02-2025 19:13
c62af951-7f42-4cc8-b459-ac44464c9656,srv-app01,65.52.33.126,CentOS 8,"London, UK",67.54,78.05,34.91,111.3,75.55,20.91,3.09,James Schroeder,kathy16@example.com,+35 5816498669,23-02-2025 21:51
a975ea7d-612e-4b54-a20e-4859db1b044e,srv-cache01,112.93.193.132,CentOS 8,"New York, USA",38.21,54.61,64.27,108.34,111.48,18.67,5.33,Carmen Lee,amy36@example.com,+69 3975981078,18-01-2025 02:41
2c052f16-fe45-4915-9d65-d908d77a0da5,srv-cache01,28.98.225.113,Windows Server 2022,"London, UK",89.41,60.74,92.42,149.66,89.83,21.63,2.37,Seth Butler,nelsondavid@example.org,+59 7263499772,03-03-2025 11:46
66d1ee4b-ab2b-486a-8faf-28ca0787e6ae,srv-api02,76.193.113.155,Windows Server 2019,"London, UK",74.22,80.94,58.35,133.08,144.37,18.51,5.49,Juan Medina,reyeslindsey@example.org,+32 6663114633,09-03-2025 03:24
e30f9fc0-033b-4340-8f7b-01026f93bc40,srv-analytics01,139.104.189.73,CentOS 8,"Tokyo, Japan",69.25,23.94,15.84,102.26,43.46,22.24,1.76,Kathleen Foster,perezkristin@example.org,+24 8903539598,28-02-2025 07:45
d7bbd8fa-273b-4086-9a29-58362e1d0c5e,srv-analytics02,2.49.220.205,Red Hat Enterprise Linux,"Berlin, Germany",95.05,37.24,34.24,105.1,90.4,22.85,1.15,Cody Nash,gary82@example.org,+94 8811332614,29-01-2025 17:22
59a64c0f-3002-4b0a-a740-5c77f29ef92a,srv-cache02,179.248.112.164,CentOS 8,"Tokyo, Japan",87.16,95.57,11.74,11.52,123.48,22.03,1.97,Eric Rodriguez,cglenn@example.com,+57 3633634036,16-01-2025 22:53
a34fb851-d6ad-4e4c-bb0e-3aa4ef013c31,srv-web01,214.65.220.88,CentOS 8,"Tokyo, Japan",93.89,20.35,81.49,62.59,90.21,18.19,5.81,Amanda Baker,wtaylor@example.org,+20 9367501485,02-02-2025 04:07
f76ce17a-4713-47dd-a9bb-3eb20caa74d7,srv-app03,140.7.179.224,Red Hat Enterprise Linux,"Tokyo, Japan",55.06,98,67.77,108.48,87.9,19.85,4.15,Emily Martinez,zhardy@example.org,+18 9355637253,28-01-2025 16:27
bbebda33-f016-4746-96bd-cbd3c5d12474,srv-web02,160.134.100.150,Windows Server 2019,"London, UK",96.17,87.71,54.77,127.19,58.43,20.49,3.51,Amanda Allen,lhudson@example.net,+13 4851940739,23-02-2025 03:56
05dcde9e-836e-4169-b3dc-519478cbafa0,srv-database01,247.235.33.75,Red Hat Enterprise Linux,"Sydney, Australia",46.02,31.73,48.49,60.4,83.46,19.54,4.46,Eric Marshall,taylor51@example.net,+11 4797072140,02-03-2025 23:18
37b6384b-fca5-4a5a-9aa3-1c6ee8b70eb6,srv-backup01,226.51.67.220,Windows Server 2022,"Sydney, Australia",40.14,51.37,79.7,125.12,118.58,22.07,1.93,Ivan White,emily36@example.com,+38 8197739523,12-03-2025 23:57
198b38ac-dc7e-4638-8521-744dc7121841,srv-backup02,181.241.215.96,Windows Server 2019,"London, UK",84.99,27.63,31.48,80.96,143.79,19.98,4.02,Jessica Ferguson,richsierra@example.org,+59 9642182306,03-03-2025 19:10
92985510-2e8d-4950-871d-cf7bcf97d2ba,srv-backup03,215.201.250.56,CentOS 8,"London, UK",56.94,97.67,66.99,140.65,133.77,22.46,1.54,Anna Castro,paul94@example.com,+3 8032534740,07-02-2025 22:39
b07f4016-f4ba-4ab7-9a46-b61d34e7c4fd,srv-app03,212.148.153.243,Red Hat Enterprise Linux,"Berlin, Germany",32.23,35.58,84.78,107.46,136.27,21.13,2.87,Katherine Brown,gonzalezlisa@example.org,+19 1883420758,06-03-2025 06:17
b1ab8a73-a0ed-464f-9434-b9b61b078bc1,srv-analytics01,219.21.59.107,Ubuntu 20.04,"Berlin, Germany",77.94,78.72,82.27,93.26,79.81,18.12,5.88,Bernard Palmer,smithhenry@example.com,+64 3785383502,01-02-2025 09:46
77221383-3c1b-4d84-81e1-93e7e48d4cd3,srv-cache02,39.175.203.154,Windows Server 2019,"London, UK",65.92,92.77,97.18,66.39,43.06,22.13,1.87,William Rivera,cynthia53@example.net,+78 1202166624,02-03-2025 14:54
ec162a69-23ba-499c-be6c-756885b7bd9e,srv-analytics01,3.207.32.75,Windows Server 2019,"Tokyo, Japan",98.81,61.65,61.26,85.21,20.52,22.22,1.78,Danielle Davis,colleen34@example.net,+34 4363187355,16-01-2025 08:27
da4e5cb3-aa02-442e-b10f-df5dceeade29,srv-cache03,123.163.142.71,Red Hat Enterprise Linux,"New York, USA",29.93,58.53,61.66,24.07,121.94,21.42,2.58,Barbara Jones,christine83@example.org,+87 4230745380,21-02-2025 15:26
7e42e194-cb8a-46b6-b0a7-1af143e897e9,srv-web03,21.5.45.102,CentOS 8,"London, UK",81.48,51.27,17.22,12.14,73.7,19.13,4.87,Abigail Fitzgerald,cummingsryan@example.org,+81 8080448958,29-01-2025 09:02
a203bde4-e7da-4eb8-a9c7-9dbe4bde4d35,srv-database01,114.38.123.36,CentOS 8,"Berlin, Germany",15,99.92,23.65,36.83,29.57,21.31,2.69,Melissa Wallace,amandagregory@example.com,+97 6232991055,23-01-2025 21:34
a6212f18-0993-4f4f-ab4d-6fc3452bde64,srv-web02,107.24.194.192,Windows Server 2022,"Berlin, Germany",55.46,83.42,61.89,90.53,25.47,21.22,2.78,Catherine Wise,garciamary@example.org,+53 2644569702,16-01-2025 18:42
451bd625-de81-4328-984d-26aed6baf88c,srv-api01,48.3.253.75,Windows Server 2019,"Sydney, Australia",30.02,53.13,90.09,65.44,63.08,22.53,1.47,Frank Stephens,agriffith@example.com,+13 6399524663,08-02-2025 12:06
714f10b7-91a8-4728-b27d-f982fd35b101,srv-web03,5.212.63.88,CentOS 8,"New York, USA",92.56,24.03,91.96,143.46,112.34,19.85,4.15,Susan Smith DDS,christopher54@example.com,+84 6865584255,14-02-2025 08:19
671aef4e-ab70-4634-a523-885c8d9b333d,srv-cache02,213.16.101.244,Windows Server 2019,"Sydney, Australia",81.95,76.54,42.47,46.25,101.56,21.36,2.64,Angel Macdonald,bsalinas@example.com,+92 9537529399,06-02-2025 04:14
e819bc67-e07e-4a6b-8c8c-fb47d8051cf4,srv-backup03,29.138.68.52,Windows Server 2022,"New York, USA",24.44,49.87,66.71,136.72,139.29,21.99,2.01,Nathan Medina,gonzalezamber@example.com,+58 1275103790,14-03-2025 20:29
c4c04d3b-6a47-4024-986f-f8b76ffdcae8,srv-analytics01,216.195.230.127,Windows Server 2019,"New York, USA",45.31,74.71,17.27,123.36,29.74,21.97,2.03,Jack Mitchell,blopez@example.org,+53 4547299790,29-01-2025 20:22
d8f0cf61-f31e-4286-9f25-2ce96916a72a,srv-analytics02,35.214.58.64,Red Hat Enterprise Linux,"Sydney, Australia",55.66,76.23,51.54,126.03,87.42,18.67,5.33,Taylor Molina,amanda35@example.net,+33 7143656625,12-03-2025 03:28
5a77948a-5cc1-471e-997c-95f80ed78679,srv-database01,196.157.149.128,Windows Server 2022,"New York, USA",91.63,80.79,10.09,42.1,84.02,20.21,3.79,Shannon Barber,benjamin05@example.com,+98 1971756517,02-03-2025 17:02
46ffa7e8-428b-4778-96e6-66c8aa51469c,srv-database02,126.191.52.165,Windows Server 2022,"Tokyo, Japan",87.9,90.72,34.53,124.49,26.63,21.46,2.54,Christopher Grant,juanevans@example.com,+11 1430980091,31-01-2025 09:01
696ff579-ee3d-4cef-8773-9f10c4d93177,srv-analytics03,244.135.85.241,Red Hat Enterprise Linux,"New York, USA",60.7,39.35,79.5,110.42,100.62,20.97,3.03,Patricia Stewart,nicolemccarthy@example.org,+23 2962871811,21-01-2025 12:50
83a57f24-e401-4d56-815a-c47625229af5,srv-analytics01,10.113.122.55,Red Hat Enterprise Linux,"New York, USA",20.21,33.62,45.55,79.43,88.92,22.55,1.45,Jason Flowers,collinblack@example.org,+57 8467619081,23-01-2025 01:12
ef567390-224e-46de-b73e-94bf73b423f4,srv-app03,221.150.150.241,CentOS 8,"Berlin, Germany",41.75,61.17,56.39,94.93,118.58,18.8,5.2,Gary Fuller,kim76@example.net,+59 8944278985,24-01-2025 15:54
cb5c8985-02c4-4f93-a8ef-5fe1215dbb78,srv-database03,189.24.103.142,CentOS 8,"London, UK",64.97,42.13,69.63,141.1,16.34,22.09,1.91,Robert Velazquez,joemitchell@example.net,+22 8596098390,16-01-2025 12:35
81cdfbc7-debd-45e3-9de2-366a9009aff4,srv-backup01,116.63.106.49,Red Hat Enterprise Linux,"New York, USA",49.22,81.51,19.98,119.39,33.84,18.97,5.03,Leah Ross,scottknox@example.org,+4 3833779834,18-01-2025 04:59
e9c0a339-658d-4887-bdfc-1b6086ce1807,srv-database01,11.127.185.204,Red Hat Enterprise Linux,"Sydney, Australia",64.16,65.34,38.51,57.87,104.9,21.35,2.65,Jake Thompson,christopherfernandez@example.net,+65 6558706391,25-01-2025 14:09
4cf43079-bfc2-4fe8-97f6-4e43918307cb,srv-backup03,30.172.111.45,Windows Server 2022,"Tokyo, Japan",68.63,43.19,40.2,35.55,14.8,21.77,2.23,Riley Smith,xbarnett@example.com,+24 9805220677,28-01-2025 23:50
59ff4908-2394-4f4b-b9ce-d402a8b64355,srv-web03,73.182.54.87,Windows Server 2019,"Tokyo, Japan",71.41,48.28,70.28,109.23,53.62,22.74,1.26,Michael Mcintyre,dvargas@example.net,+60 3099712518,17-02-2025 23:20
2a5e4119-aac6-43b2-a966-facc92dc657e,srv-cache02,176.241.230.21,Windows Server 2019,"London, UK",46.32,97.77,26.87,145.98,15.94,18.7,5.3,Kimberly Livingston,emurillo@example.com,+61 7703068581,22-01-2025 23:35
d361bcc7-83ea-4a11-b112-d86c1205ce15,srv-cache02,152.3.92.15,Windows Server 2022,"New York, USA",15.27,91.39,76.5,90.72,133.31,19.37,4.63,Kathleen Rivera,johnvincent@example.org,+31 3413428984,15-01-2025 01:43
